first_name,last_name,email,active
firstName,lastName,email-01@mail.com,0
firstName,lastName,email-02@mail.com,0
firstName,lastName,email-03@mail.com,0
firstName,lastName,email-04@mail.com,0
firstName,lastName,email-05@mail.com,0
firstName,lastName,email-06@mail.com,0
firstName,lastName,email-07@mail.com,0
firstName,lastName,email-08@mail.com,0
firstName,lastName,email-09@mail.com,0
firstName,lastName,email-10@mail.com,0
firstName,lastName,email-11@mail.com,0
firstName,lastName,email-12@mail.com,0
firstName,lastName,email-13@mail.com,0
firstName,lastName,email-14@mail.com,0
firstName,lastName,email-15@mail.com,0
firstName,lastName,email-16@mail.com,0
firstName,lastName,email-17@mail.com,0
firstName,lastName,email-18@mail.com,0
firstName,lastName,email-19@mail.com,0
firstName,lastName,email-20@mail.com,0
firstName,lastName,email-21@mail.com,0
firstName,lastName,email-22@mail.com,0
firstName,lastName,email-23@mail.com,0
firstName,lastName,email-24@mail.com,0
firstName,lastName,email-25@mail.com,0
